date,status,message_id,sha,pages_url,completed,note
2026-06-14,sent,19ec54b3806fa827,2079163,https://beaten-to-it.github.io/newsNblog/ax/posts/2026-06-14.html,2026-06-14T17:42:29,manual go-live first AX send
2026-06-15,sent,,b4f4282,https://beaten-to-it.github.io/newsNblog/ax/posts/2026-06-15.html,2026-06-15T07:21:32,claude-driven pipeline
2026-06-16,sent,19ecd87275e067a0,eee5c7d,https://beaten-to-it.github.io/newsNblog/ax/posts/2026-06-16.html,2026-06-16T08:04:42,recovered: rendered+emailed manually after catch-up timeout kill
2026-06-17,sent,,3900c22,https://beaten-to-it.github.io/newsNblog/ax/posts/2026-06-17.html,2026-06-17T07:24:21,codex-driven pipeline
2026-06-18,sent,,c8d66ec,https://beaten-to-it.github.io/newsNblog/ax/posts/2026-06-18.html,2026-06-18T07:29:06,codex-driven pipeline
2026-06-19,sent,,88c180b,https://beaten-to-it.github.io/newsNblog/ax/posts/2026-06-19.html,2026-06-19T07:35:11,codex-driven pipeline
2026-06-20,sent,,33f2373,https://beaten-to-it.github.io/newsNblog/ax/posts/2026-06-20.html,2026-06-20T07:27:04,codex-driven pipeline
2026-06-21,sent,,5e5a7c8,https://beaten-to-it.github.io/newsNblog/ax/posts/2026-06-21.html,2026-06-21T07:23:00,codex-driven pipeline
2026-06-22,sent,,0cb4f94,https://beaten-to-it.github.io/newsNblog/ax/posts/2026-06-22.html,2026-06-22T23:54:32,codex-driven pipeline
2026-06-23,sent,,6a84a11,https://beaten-to-it.github.io/newsNblog/ax/posts/2026-06-23.html,2026-06-23T07:25:46,codex-driven pipeline
2026-06-24,sent,,188bdea,https://beaten-to-it.github.io/newsNblog/ax/posts/2026-06-24.html,2026-06-24T07:30:05,codex-driven pipeline
