date,status,email_message_id,commit_sha,pages_url,completed_at,notes
2026-06-05,sent,19e971d63b400c66,d00c841,https://beaten-to-it.github.io/newsNblog/posts/2026-06-05.html,2026-06-05T21:03:36.488777,manual delivery before catchup setup
2026-06-06,sent,19e99d3f76c8357f,2f51360,https://beaten-to-it.github.io/newsNblog/posts/2026-06-06.html,2026-06-06T07:10:45,email sent and pages verified
2026-06-07,sent,19e9efd1626ea1cd,27b1ef6,https://beaten-to-it.github.io/newsNblog/posts/2026-06-07.html,2026-06-07T07:11:48,email sent and pages verified
2026-06-08,sent,19ea4225a811f890,45ac64a,https://beaten-to-it.github.io/newsNblog/posts/2026-06-08.html,2026-06-08T07:10:43,email sent and pages verified
2026-06-09,sent,,f85ff1a,https://beaten-to-it.github.io/newsNblog/posts/2026-06-09.html,2026-06-09T09:23:37,claude-driven pipeline
2026-06-10,sent,,b65b8a1,https://beaten-to-it.github.io/newsNblog/posts/2026-06-10.html,2026-06-10T08:20:53,claude-driven pipeline
2026-06-10,sent,,0b75799,https://beaten-to-it.github.io/newsNblog/posts/2026-06-10.html,2026-06-10T08:25:40,claude-driven pipeline
2026-06-11,sent,,c25fac9,https://beaten-to-it.github.io/newsNblog/posts/2026-06-11.html,2026-06-11T08:23:36,claude-driven pipeline
2026-06-12,sent,,1a80a12,https://beaten-to-it.github.io/newsNblog/posts/2026-06-12.html,2026-06-12T07:08:30,claude-driven pipeline
2026-06-13,sent,,95f5061,https://beaten-to-it.github.io/newsNblog/posts/2026-06-13.html,2026-06-13T20:48:09,claude-driven pipeline
2026-06-14,sent,,f1bc532,https://beaten-to-it.github.io/newsNblog/posts/2026-06-14.html,2026-06-14T07:09:42,claude-driven pipeline
